categoria,min_incl,max_incl,tasa
*,0,1000,0.05
*,1000.00000001,5000,0.08
*,5000.00000001,,0.12
